name,varisat_res,varisat_time,hibou_res,hibou_time
uf20-01,True,0.015922069549560547,True,1.200981855392456
uf20-010,True,0.015923023223876953,True,0.2896151542663574
uf20-0100,True,0.01622772216796875,True,0.7387163639068604
uf20-01000,True,0.015645265579223633,True,1.3839983940124512
uf20-0101,True,0.015948772430419922,True,0.25025224685668945
uf20-0102,True,0.015980958938598633,True,0.3126869201660156
uf20-0103,True,0.015997886657714844,True,0.9611856937408447
uf20-0104,True,0.01612234115600586,True,0.6017343997955322
uf20-0105,True,0.016276121139526367,True,2.108290672302246
uf20-0106,True,0.01597905158996582,True,0.9805338382720947
uf20-0107,True,0.016010761260986328,True,1.6351723670959473
uf20-0108,True,0.0161745548248291,True,0.6174721717834473
uf20-0109,True,0.016019582748413086,True,0.3076167106628418
uf20-011,True,0.01594853401184082,True,0.1895008087158203
uf20-0110,True,0.015958309173583984,True,0.31615376472473145
uf20-0111,True,0.015956640243530273,True,0.04162716865539551
uf20-0112,True,0.015387296676635742,True,0.681790828704834
uf20-0113,True,0.01608753204345703,True,0.4438133239746094
uf20-0114,True,0.015434026718139648,True,0.47592926025390625
uf20-0115,True,0.015946626663208008,True,0.40096282958984375
uf20-0116,True,0.015840768814086914,True,0.5287911891937256
uf20-0117,True,0.015957117080688477,True,1.1550240516662598
uf20-0118,True,0.015947580337524414,True,0.278059720993042
uf20-0119,True,0.015926837921142578,True,0.3935976028442383
uf20-012,True,0.01637578010559082,True,0.27912092208862305
uf20-0120,True,0.015738725662231445,True,0.3536722660064697
uf20-0121,True,0.015887022018432617,True,0.035581350326538086
uf20-0122,True,0.015963315963745117,True,0.03480839729309082
uf20-0123,True,0.015451908111572266,True,0.18601608276367188
uf20-0124,True,0.015936613082885742,True,0.03191542625427246
uf20-0125,True,0.015679597854614258,True,0.056028127670288086
uf20-0126,True,0.015892505645751953,True,0.49185800552368164
uf20-0127,True,0.015899658203125,True,0.10973811149597168
uf20-0128,True,0.016419410705566406,True,0.930229663848877
uf20-0129,True,0.016426563262939453,True,0.23569202423095703
uf20-013,True,0.015839815139770508,True,3.3900580406188965
uf20-0130,True,0.01630568504333496,True,0.8377635478973389
uf20-0131,True,0.015599727630615234,True,0.13877606391906738
uf20-0132,True,0.01621270179748535,True,0.06087207794189453
uf20-0133,True,0.01595759391784668,True,0.6538252830505371
uf20-0134,True,0.0158231258392334,True,0.5255265235900879
uf20-0135,True,0.01589226722717285,True,0.8806047439575195
uf20-0136,True,0.015845298767089844,True,0.31741952896118164
uf20-0137,True,0.01589655876159668,True,0.16052460670471191
uf20-0138,True,0.0159604549407959,True,0.7338929176330566
uf20-0139,True,0.015752792358398438,True,0.7907965183258057
uf20-014,True,0.015963077545166016,True,0.04819989204406738
uf20-0140,True,0.015956401824951172,True,0.035050153732299805
uf20-0141,True,0.015853404998779297,True,1.115600347518921
uf20-0142,True,0.01620197296142578,True,0.10085201263427734
uf20-0143,True,0.015958786010742188,True,0.3205068111419678
uf20-0144,True,0.015497922897338867,True,0.5822672843933105
uf20-0145,True,0.01595473289489746,True,0.36319756507873535
uf20-0146,True,0.016042709350585938,True,0.8484692573547363
uf20-0147,True,0.01610732078552246,True,0.2934603691101074
uf20-0148,True,0.015800952911376953,True,0.23809576034545898
uf20-0149,True,0.01595592498779297,True,1.4494497776031494
uf20-015,True,0.016506433486938477,True,3.0912179946899414
uf20-0150,True,0.01661515235900879,True,0.07782888412475586
uf20-0151,True,0.016438007354736328,True,0.0724785327911377
uf20-0152,True,0.015905380249023438,True,0.3406047821044922
uf20-0153,True,0.015923500061035156,True,0.15784525871276855
uf20-0154,True,0.016001462936401367,True,0.8998644351959229
uf20-0155,True,0.01605057716369629,True,0.11205863952636719
uf20-0156,True,0.015956878662109375,True,0.3715989589691162
uf20-0157,True,0.01588153839111328,True,1.5936534404754639
uf20-0158,True,0.015961408615112305,True,0.37830257415771484
uf20-0159,True,0.015686750411987305,True,1.0630006790161133
uf20-016,True,0.01598954200744629,True,0.7043602466583252
uf20-0160,True,0.015819549560546875,True,0.13924193382263184
uf20-0161,True,0.016670942306518555,True,0.2612295150756836
uf20-0162,True,0.016957998275756836,True,0.4625988006591797
uf20-0163,True,0.015892982482910156,True,0.14784669876098633
uf20-0164,True,0.0169222354888916,True,0.8539071083068848
uf20-0165,True,0.01633453369140625,True,0.0754702091217041
uf20-0166,True,0.015957355499267578,True,0.08078956604003906
uf20-0167,True,0.01589655876159668,True,1.4230146408081055
uf20-0168,True,0.01588606834411621,True,0.2164750099182129
uf20-0169,True,0.016269207000732422,True,2.790738105773926
uf20-017,True,0.016265392303466797,True,0.26456332206726074
uf20-0170,True,0.016268491744995117,True,0.7186703681945801
uf20-0171,True,0.01728034019470215,True,0.8350212574005127
uf20-0172,True,0.016103267669677734,True,0.8013684749603271
uf20-0173,True,0.015878915786743164,True,0.5907328128814697
uf20-0174,True,0.015512228012084961,True,0.17894911766052246
uf20-0175,True,0.016160249710083008,True,0.5978121757507324
uf20-0176,True,0.016036033630371094,True,1.1485595703125
uf20-0177,True,0.016004323959350586,True,1.036287546157837
uf20-0178,True,0.01597285270690918,True,0.8343267440795898
uf20-0179,True,0.015593290328979492,True,0.575145959854126
uf20-018,True,0.015957117080688477,True,1.575239658355713
uf20-0180,True,0.015958309173583984,True,0.10072779655456543
uf20-0181,True,0.015995025634765625,True,0.8716635704040527
uf20-0182,True,0.016635894775390625,True,1.5431327819824219
uf20-0183,True,0.016265392303466797,True,0.6207239627838135
uf20-0184,True,0.015601158142089844,True,0.3243072032928467
uf20-0185,True,0.016028165817260742,True,1.0147318840026855
uf20-0186,True,0.01627492904663086,True,0.32864928245544434
uf20-0187,True,0.016111373901367188,True,0.779914140701294
uf20-0188,True,0.0157773494720459,True,0.3594038486480713
uf20-0189,True,0.01577472686767578,True,0.362215518951416
uf20-019,True,0.016041040420532227,True,1.102088451385498
uf20-0190,True,0.015761375427246094,True,0.19191765785217285
uf20-0191,True,0.015932083129882812,True,0.9446110725402832
uf20-0192,True,0.015786170959472656,True,1.7078793048858643
uf20-0193,True,0.016167640686035156,True,1.218200445175171
uf20-0194,True,0.015726327896118164,True,0.613562822341919
uf20-0195,True,0.015995025634765625,True,0.05186033248901367
uf20-0196,True,0.01594400405883789,True,0.8572111129760742
uf20-0197,True,0.015957355499267578,True,0.7699744701385498
uf20-0198,True,0.01595616340637207,True,0.25339221954345703
uf20-0199,True,0.01620173454284668,True,1.618013620376587
uf20-02,True,0.015952348709106445,True,0.756481409072876
uf20-020,True,0.01616215705871582,True,0.12916064262390137
uf20-0200,True,0.016030550003051758,True,0.6378252506256104
uf20-0201,True,0.01573014259338379,True,0.755850076675415
uf20-0202,True,0.015733957290649414,True,1.2415308952331543
uf20-0203,True,0.016110658645629883,True,1.1175837516784668
uf20-0204,True,0.01592421531677246,True,0.4118969440460205
uf20-0205,True,0.016782522201538086,True,0.615788459777832
uf20-0206,True,0.01699090003967285,True,0.05007624626159668
uf20-0207,True,0.01595783233642578,True,1.0068583488464355
uf20-0208,True,0.015956401824951172,True,0.310654878616333
uf20-0209,True,0.015946149826049805,True,0.3111846446990967
uf20-021,True,0.01694655418395996,True,0.12769007682800293
uf20-0210,True,0.016370296478271484,True,1.8234310150146484
uf20-0211,True,0.01602458953857422,True,0.45155978202819824
uf20-0212,True,0.01586008071899414,True,0.15736913681030273
uf20-0213,True,0.0170443058013916,True,0.23281288146972656
uf20-0214,True,0.016812562942504883,True,0.3135683536529541
uf20-0215,True,0.01593780517578125,True,0.03693985939025879
uf20-0216,True,0.015912532806396484,True,0.2791571617126465
uf20-0217,True,0.016954421997070312,True,0.3604309558868408
uf20-0218,True,0.015981674194335938,True,2.038670778274536
uf20-0219,True,0.016197681427001953,True,0.16319680213928223
uf20-022,True,0.016808748245239258,True,0.30477190017700195
uf20-0220,True,0.016026973724365234,True,0.6479330062866211
uf20-0221,True,0.016997814178466797,True,0.4633750915527344
uf20-0222,True,0.016281604766845703,True,0.3883349895477295
uf20-0223,True,0.017954349517822266,True,0.5922079086303711
uf20-0224,True,0.016538143157958984,True,1.2160084247589111
uf20-0225,True,0.015945911407470703,True,0.5608410835266113
uf20-0226,True,0.015914201736450195,True,0.059073686599731445
uf20-0227,True,0.016257762908935547,True,0.05305361747741699
uf20-0228,True,0.01591181755065918,True,0.629418134689331
uf20-0229,True,0.01597428321838379,True,0.429340124130249
uf20-023,True,0.016002178192138672,True,0.7215731143951416
uf20-0230,True,0.01543736457824707,True,0.04887676239013672
uf20-0231,True,0.01595759391784668,True,1.6100788116455078
uf20-0232,True,0.016039133071899414,True,0.2862966060638428
uf20-0233,True,0.016986608505249023,True,0.35471343994140625
uf20-0234,True,0.015680313110351562,True,0.2094709873199463
uf20-0235,True,0.015957355499267578,True,0.05100393295288086
uf20-0236,True,0.015816211700439453,True,0.34917259216308594
uf20-0237,True,0.0158536434173584,True,0.275620698928833
uf20-0238,True,0.01592421531677246,True,0.06311750411987305
uf20-0239,True,0.015874862670898438,True,0.7039120197296143
uf20-024,True,0.01595902442932129,True,0.3828155994415283
uf20-0240,True,0.015715599060058594,True,1.0294733047485352
uf20-0241,True,0.0160977840423584,True,0.8875398635864258
uf20-0242,True,0.016258716583251953,True,0.1451857089996338
uf20-0243,True,0.015989303588867188,True,1.6000781059265137
uf20-0244,True,0.016410350799560547,True,1.5929501056671143
uf20-0245,True,0.015944480895996094,True,1.6609985828399658
uf20-0246,True,0.015957355499267578,True,0.07945823669433594
uf20-0247,True,0.01592087745666504,True,0.9453394412994385
uf20-0248,True,0.015940189361572266,True,0.3961045742034912
uf20-0249,True,0.016364574432373047,True,1.126138687133789
uf20-025,True,0.0161745548248291,True,0.11443948745727539
uf20-0250,True,0.017472505569458008,True,0.5989177227020264
uf20-0251,True,0.015889644622802734,True,0.5680758953094482
uf20-0252,True,0.015854358673095703,True,0.07476544380187988
uf20-0253,True,0.015583992004394531,True,0.3991575241088867
uf20-0254,True,0.016422510147094727,True,0.6822090148925781
uf20-0255,True,0.015879392623901367,True,0.6683878898620605
uf20-0256,True,0.015957117080688477,True,0.2293856143951416
uf20-0257,True,0.015957117080688477,True,1.0718326568603516
uf20-0258,True,0.015959739685058594,True,0.13759946823120117
uf20-0259,True,0.015915393829345703,True,0.497758150100708
uf20-026,True,0.015851974487304688,True,0.05224323272705078
uf20-0260,True,0.015987396240234375,True,0.49872922897338867
uf20-0261,True,0.016077280044555664,True,1.1594774723052979
uf20-0262,True,0.016613483428955078,True,0.8163156509399414
uf20-0263,True,0.01599287986755371,True,0.5675702095031738
uf20-0264,True,0.01795196533203125,True,0.40192651748657227
uf20-0265,True,0.016668081283569336,True,0.03946661949157715
uf20-0266,True,0.015932321548461914,True,0.07882237434387207
uf20-0267,True,0.016928672790527344,True,0.3140890598297119
uf20-0268,True,0.018911123275756836,True,0.17253708839416504
uf20-0269,True,0.01894688606262207,True,1.5808157920837402
uf20-027,True,0.015958547592163086,True,0.681041955947876
uf20-0270,True,0.01603245735168457,True,0.23038458824157715
uf20-0271,True,0.016590595245361328,True,0.14364862442016602
uf20-0272,True,0.01628708839416504,True,0.061980485916137695
uf20-0273,True,0.016283750534057617,True,0.2898368835449219
uf20-0274,True,0.01599407196044922,True,0.15957331657409668
uf20-0275,True,0.016039371490478516,True,0.285045862197876
uf20-0276,True,0.016366958618164062,True,0.3225686550140381
uf20-0277,True,0.01635432243347168,True,0.1763911247253418
uf20-0278,True,0.016658306121826172,True,0.8426821231842041
uf20-0279,True,0.015620946884155273,True,0.1250019073486328
uf20-028,True,0.015619993209838867,True,0.3709585666656494
uf20-0280,True,0.015621662139892578,True,0.15617823600769043
uf20-0281,True,0.01562190055847168,True,0.09369587898254395
uf20-0282,True,0.015621185302734375,True,0.7160470485687256
uf20-0283,True,0.01597309112548828,True,0.09372878074645996
uf20-0284,True,0.015621423721313477,True,0.07810425758361816
uf20-0285,True,0.015622138977050781,True,0.5209112167358398
uf20-0286,True,0.015620946884155273,True,0.3593258857727051
uf20-0287,True,0.015620946884155273,True,0.17183637619018555
uf20-0288,True,0.01602458953857422,True,1.0316839218139648
uf20-0289,True,0.015621423721313477,True,0.29680824279785156
uf20-029,True,0.015620946884155273,True,2.686903476715088
uf20-0290,True,0.015623331069946289,True,1.890214443206787
uf20-0291,True,0.015621185302734375,True,0.20005154609680176
uf20-0292,True,0.015621662139892578,True,0.6982955932617188
uf20-0293,True,0.015621662139892578,True,0.6782653331756592
uf20-0294,True,0.015621662139892578,True,0.2746140956878662
uf20-0295,True,0.01562356948852539,True,0.09372854232788086
uf20-0296,True,0.015619993209838867,True,0.877718448638916
uf20-0297,True,0.015700340270996094,True,0.4394412040710449
uf20-0298,True,0.01562190055847168,True,0.915856122970581
uf20-0299,True,0.015624046325683594,True,0.63346266746521
uf20-03,True,0.015590429306030273,True,0.0781397819519043
uf20-030,True,0.01562190055847168,True,0.04113292694091797
uf20-0300,True,0.015642881393432617,True,2.0303635597229004
uf20-0301,True,0.01562190055847168,True,1.0494968891143799
uf20-0302,True,0.015588045120239258,True,0.9361348152160645
uf20-0303,True,0.016268491744995117,True,0.7009892463684082
uf20-0304,True,0.016009092330932617,True,0.6101968288421631
uf20-0305,True,0.015621423721313477,True,0.2376101016998291
uf20-0306,True,0.015857696533203125,True,0.34326720237731934
uf20-0307,True,0.015651226043701172,True,0.08342337608337402
uf20-0308,True,0.015623807907104492,True,0.6148223876953125
uf20-0309,True,0.015622138977050781,True,0.2993428707122803
uf20-031,True,0.015621185302734375,True,0.16083145141601562
uf20-0310,True,0.015621185302734375,True,0.12497615814208984
uf20-0311,True,0.01560521125793457,True,0.18742823600769043
uf20-0312,True,0.015622854232788086,True,1.2140936851501465
uf20-0313,True,0.015620708465576172,True,1.3250632286071777
uf20-0314,True,0.01562190055847168,True,0.15617775917053223
uf20-0315,True,0.015621662139892578,True,0.45507216453552246
uf20-0316,True,0.016325712203979492,True,0.11658287048339844
uf20-0317,True,0.01563429832458496,True,0.2704312801361084
uf20-0318,True,0.0156252384185791,True,0.2367265224456787
uf20-0319,True,0.015620946884155273,True,0.046863555908203125
uf20-032,True,0.01565408706665039,True,0.37068700790405273
uf20-0320,True,0.015621423721313477,True,0.22348499298095703
uf20-0321,True,0.015654325485229492,True,1.257176160812378
uf20-0322,True,0.01661992073059082,True,0.41551661491394043
uf20-0323,True,0.015656471252441406,True,0.691150426864624
uf20-0324,True,0.015623092651367188,True,0.1996150016784668
uf20-0325,True,0.015630722045898438,True,0.6622576713562012
uf20-0326,True,0.015621423721313477,True,0.6148946285247803
uf20-0327,True,0.01562356948852539,True,0.158095121383667
uf20-0328,True,0.015623092651367188,True,1.0309109687805176
uf20-0329,True,0.015620231628417969,True,1.0495216846466064
uf20-033,True,0.015621185302734375,True,1.6150026321411133
uf20-0330,True,0.015630245208740234,True,1.3238604068756104
uf20-0331,True,0.015622138977050781,True,0.10207462310791016
uf20-0332,True,0.015620946884155273,True,0.3998599052429199
uf20-0333,True,0.015589475631713867,True,0.26238346099853516
uf20-0334,True,0.015620708465576172,True,0.9257135391235352
uf20-0335,True,0.015619039535522461,True,1.002636194229126
uf20-0336,True,0.015620946884155273,True,0.4571714401245117
uf20-0337,True,0.015620231628417969,True,0.21013498306274414
uf20-0338,True,0.015621185302734375,True,0.20304489135742188
uf20-0339,True,0.016633033752441406,True,1.1090185642242432
uf20-034,True,0.015799760818481445,True,0.3166978359222412
uf20-0340,True,0.015628576278686523,True,1.5159854888916016
uf20-0341,True,0.015697717666625977,True,0.031243324279785156
uf20-0342,True,0.015622854232788086,True,1.2551236152648926
uf20-0343,True,0.015623092651367188,True,1.820197343826294
uf20-0344,True,0.015616893768310547,True,0.0781099796295166
uf20-0345,True,0.01562047004699707,True,0.6592395305633545
uf20-0346,True,0.015620946884155273,True,0.1442584991455078
uf20-0347,True,0.015620231628417969,True,0.5737345218658447
uf20-0348,True,0.015621423721313477,True,0.4477221965789795
uf20-0349,True,0.015620708465576172,True,0.4987823963165283
uf20-035,True,0.015703439712524414,True,0.1249704360961914
uf20-0350,True,0.01558685302734375,True,0.239091157913208
uf20-0351,True,0.015620708465576172,True,0.062485694885253906
uf20-0352,True,0.01563739776611328,True,0.1235651969909668
uf20-0353,True,0.015626192092895508,True,0.22742438316345215
uf20-0354,True,0.015623092651367188,True,0.2592465877532959
uf20-0355,True,0.015621185302734375,True,0.6975505352020264
uf20-0356,True,0.01562047004699707,True,0.2798430919647217
uf20-0357,True,0.015623092651367188,True,1.1402170658111572
uf20-0358,True,0.015621662139892578,True,0.07814264297485352
uf20-0359,True,0.016155481338500977,True,0.04686379432678223
uf20-036,True,0.015621423721313477,True,1.719862937927246
uf20-0360,True,0.016683340072631836,True,0.03275275230407715
uf20-0361,True,0.01562047004699707,True,1.2082855701446533
uf20-0362,True,0.015621185302734375,True,0.09372687339782715
uf20-0363,True,0.015620708465576172,True,0.36820244789123535
uf20-0364,True,0.015622377395629883,True,0.21935534477233887
uf20-0365,True,0.015621185302734375,True,1.250913143157959
uf20-0366,True,0.015622854232788086,True,0.43212223052978516
uf20-0367,True,0.016732454299926758,True,0.36038637161254883
uf20-0368,True,0.01661396026611328,True,1.6505985260009766
uf20-0369,True,0.01558828353881836,True,1.054504632949829
uf20-037,True,0.016680240631103516,True,1.4291679859161377
uf20-0370,True,0.016112089157104492,True,0.06750369071960449
uf20-0371,True,0.015621185302734375,True,0.4262549877166748
uf20-0372,True,0.0166778564453125,True,0.25451207160949707
uf20-0373,True,0.015620231628417969,True,0.18851399421691895
uf20-0374,True,0.01565265655517578,True,0.3957085609436035
uf20-0375,True,0.015620946884155273,True,0.36571693420410156
uf20-0376,True,0.015620231628417969,True,1.2930140495300293
uf20-0377,True,0.016498804092407227,True,0.43817591667175293
uf20-0378,True,0.015619039535522461,True,1.030872106552124
uf20-0379,True,0.015621662139892578,True,1.036661148071289
uf20-038,True,0.01562047004699707,True,0.0514528751373291
uf20-0380,True,0.015620708465576172,True,2.0887250900268555
uf20-0381,True,0.015622138977050781,True,0.2730867862701416
uf20-0382,True,0.01592397689819336,True,0.6637871265411377
uf20-0383,True,0.016019821166992188,True,1.1491258144378662
uf20-0384,True,0.015621185302734375,True,0.23431944847106934
uf20-0385,True,0.015621423721313477,True,0.29539012908935547
uf20-0386,True,0.015621185302734375,True,0.21873044967651367
uf20-0387,True,0.015622377395629883,True,0.2678954601287842
uf20-0388,True,0.015621185302734375,True,0.10931563377380371
uf20-0389,True,0.015619516372680664,True,0.3905339241027832
uf20-039,True,0.01562190055847168,True,1.6606476306915283
uf20-0390,True,0.01562190055847168,True,0.06245112419128418
uf20-0391,True,0.01562356948852539,True,0.10935163497924805
uf20-0392,True,0.015620231628417969,True,1.2816824913024902
uf20-0393,True,0.015624523162841797,True,0.12496566772460938
uf20-0394,True,0.01562190055847168,True,0.0624847412109375
uf20-0395,True,0.015621423721313477,True,0.046829938888549805
uf20-0396,True,0.019536256790161133,True,2.116507053375244
uf20-0397,True,0.015621185302734375,True,0.7854819297790527
uf20-0398,True,0.015621185302734375,True,0.7185811996459961
uf20-0399,True,0.015620708465576172,True,0.10934948921203613
uf20-04,True,0.01562190055847168,True,0.23431897163391113
uf20-040,True,0.015620946884155273,True,0.42255115509033203
uf20-0400,True,0.020543813705444336,True,0.5893590450286865
uf20-0401,True,0.01562190055847168,True,0.04686307907104492
uf20-0402,True,0.015620946884155273,True,0.9048120975494385
uf20-0403,True,0.01562356948852539,True,0.6559410095214844
uf20-0404,True,0.01562047004699707,True,0.40831446647644043
uf20-0405,True,0.015621423721313477,True,1.3812415599822998
uf20-0406,True,0.015619993209838867,True,0.6568291187286377
uf20-0407,True,0.015621662139892578,True,1.0167553424835205
uf20-0408,True,0.015621185302734375,True,1.0935869216918945
uf20-0409,True,0.015620708465576172,True,0.10934925079345703
uf20-041,True,0.015621185302734375,True,2.0075583457946777
uf20-0410,True,0.015624761581420898,True,0.17183542251586914
uf20-0411,True,0.015620708465576172,True,0.22520232200622559
uf20-0412,True,0.015621185302734375,True,0.23432254791259766
uf20-0413,True,0.015624046325683594,True,1.3139879703521729
uf20-0414,True,0.016644954681396484,True,0.8359367847442627
uf20-0415,True,0.015656709671020508,True,1.3317945003509521
uf20-0416,True,0.015621185302734375,True,0.12500238418579102
uf20-0417,True,0.015620708465576172,True,0.3987462520599365
uf20-0418,True,0.015622138977050781,True,0.17702126502990723
uf20-0419,True,0.015629053115844727,True,0.5486958026885986
uf20-042,True,0.015621423721313477,True,1.493837594985962
uf20-0420,True,0.0156252384185791,True,0.3195638656616211
uf20-0421,True,0.01663041114807129,True,1.3274962902069092
uf20-0422,True,0.015610456466674805,True,0.2031078338623047
uf20-0423,True,0.0156552791595459,True,1.0780980587005615
uf20-0424,True,0.015622138977050781,True,0.37494564056396484
uf20-0425,True,0.015621423721313477,True,0.6307196617126465
uf20-0426,True,0.015622138977050781,True,0.2343142032623291
uf20-0427,True,0.01561427116394043,True,0.21870088577270508
uf20-0428,True,0.015621662139892578,True,0.21866703033447266
uf20-0429,True,0.015621185302734375,True,0.07810640335083008
uf20-043,True,0.015621185302734375,True,0.8296668529510498
uf20-0430,True,0.015621185302734375,True,0.31389403343200684
uf20-0431,True,0.015622377395629883,True,0.10934948921203613
uf20-0432,True,0.015621423721313477,True,0.031241655349731445
uf20-0433,True,0.015620946884155273,True,0.062482357025146484
uf20-0434,True,0.015619754791259766,True,0.1668694019317627
uf20-0435,True,0.015621662139892578,True,0.4061543941497803
uf20-0436,True,0.015621185302734375,True,0.8331091403961182
uf20-0437,True,0.01562190055847168,True,0.1874542236328125
uf20-0438,True,0.015619516372680664,True,1.0713176727294922
uf20-0439,True,0.015621662139892578,True,0.16968297958374023
uf20-044,True,0.015620231628417969,True,0.48426055908203125
uf20-0440,True,0.015620708465576172,True,0.3280503749847412
uf20-0441,True,0.015620946884155273,True,0.03124237060546875
uf20-0442,True,0.015621423721313477,True,1.3888680934906006
uf20-0443,True,0.01701951026916504,True,0.16814136505126953
uf20-0444,True,0.015620231628417969,True,0.6513245105743408
uf20-0445,True,0.016013383865356445,True,0.08296656608581543
uf20-0446,True,0.015622615814208984,True,0.20548677444458008
uf20-0447,True,0.015620946884155273,True,0.9130754470825195
uf20-0448,True,0.015621423721313477,True,0.35928893089294434
uf20-0449,True,0.015621423721313477,True,1.1180994510650635
uf20-045,True,0.015621662139892578,True,0.1874556541442871
uf20-0450,True,0.015621423721313477,True,0.4740276336669922
uf20-0451,True,0.015621423721313477,True,0.17183375358581543
uf20-0452,True,0.015635967254638672,True,1.055521011352539
uf20-0453,True,0.015621185302734375,True,0.10934948921203613
uf20-0454,True,0.015621423721313477,True,0.5467150211334229
uf20-0455,True,0.015621662139892578,True,0.1249380111694336
uf20-0456,True,0.015621662139892578,True,0.15624308586120605
uf20-0457,True,0.015620708465576172,True,1.1871843338012695
uf20-0458,True,0.01681661605834961,True,1.6017405986785889
uf20-0459,True,0.015621185302734375,True,0.20310640335083008
uf20-046,True,0.015620946884155273,True,0.10909128189086914
uf20-0460,True,0.016988277435302734,True,0.046830177307128906
uf20-0461,True,0.015620708465576172,True,0.15621089935302734
uf20-0462,True,0.015621662139892578,True,0.3124582767486572
uf20-0463,True,0.016222000122070312,True,0.11964988708496094
uf20-0464,True,0.015588760375976562,True,0.17180180549621582
uf20-0465,True,0.015621662139892578,True,0.22904753684997559
uf20-0466,True,0.015620946884155273,True,1.9317717552185059
uf20-0467,True,0.015621662139892578,True,0.062482595443725586
uf20-0468,True,0.015616655349731445,True,0.9528672695159912
uf20-0469,True,0.015623331069946289,True,1.6710495948791504
uf20-047,True,0.015620946884155273,True,1.1415207386016846
uf20-0470,True,0.015622615814208984,True,0.4750182628631592
uf20-0471,True,0.015624284744262695,True,0.5779871940612793
uf20-0472,True,0.01654052734375,True,0.8114745616912842
uf20-0473,True,0.01562190055847168,True,0.06330609321594238
uf20-0474,True,0.016926050186157227,True,2.2026398181915283
uf20-0475,True,0.01562190055847168,True,0.9528999328613281
uf20-0476,True,0.015620946884155273,True,0.7029592990875244
uf20-0477,True,0.015621423721313477,True,0.37491369247436523
uf20-0478,True,0.015621423721313477,True,2.254287004470825
uf20-0479,True,0.015621423721313477,True,1.249706506729126
uf20-048,True,0.015621423721313477,True,0.28114867210388184
uf20-0480,True,0.015621662139892578,True,0.702960729598999
uf20-0481,True,0.015620231628417969,True,1.51523756980896
uf20-0482,True,0.015621423721313477,True,0.8293354511260986
uf20-0483,True,0.015621662139892578,True,0.24994158744812012
uf20-0484,True,0.01562190055847168,True,0.48426055908203125
uf20-0485,True,0.015631437301635742,True,0.4842960834503174
uf20-0486,True,0.015621423721313477,True,0.7342402935028076
uf20-0487,True,0.015621185302734375,True,0.0781090259552002
uf20-0488,True,0.015620946884155273,True,0.7342336177825928
uf20-0489,True,0.015625,True,0.07810592651367188
uf20-049,True,0.015621423721313477,True,1.3121583461761475
uf20-0490,True,0.015620946884155273,True,0.29680514335632324
uf20-0491,True,0.015621423721313477,True,0.7511341571807861
uf20-0492,True,0.015621423721313477,True,0.031246185302734375
uf20-0493,True,0.015621423721313477,True,0.3436698913574219
uf20-0494,True,0.015621423721313477,True,0.23431897163391113
uf20-0495,True,0.01565265655517578,True,0.1249704360961914
uf20-0496,True,0.015621423721313477,True,0.2030785083770752
uf20-0497,True,0.015621662139892578,True,0.1874551773071289
uf20-0498,True,0.015621662139892578,True,0.14375710487365723
uf20-0499,True,0.015620708465576172,True,0.21869921684265137
uf20-05,True,0.015621185302734375,True,1.9897065162658691
uf20-050,True,0.015619993209838867,True,0.7342379093170166
uf20-0500,True,0.015621423721313477,True,0.15621447563171387
uf20-0501,True,0.015621185302734375,True,0.17183613777160645
uf20-0502,True,0.015617132186889648,True,0.15624618530273438
uf20-0503,True,0.015621423721313477,True,0.5779581069946289
uf20-0504,True,0.015621423721313477,True,0.9841806888580322
uf20-0505,True,0.015623807907104492,True,0.3436896800994873
uf20-0506,True,0.015621662139892578,True,0.5467498302459717
uf20-0507,True,0.015620708465576172,True,0.3905668258666992
uf20-0508,True,0.015622615814208984,True,1.0622525215148926
uf20-0509,True,0.01563286781311035,True,0.10935378074645996
uf20-051,True,0.015594720840454102,True,1.0629246234893799
uf20-0510,True,0.01561880111694336,True,0.24994158744812012
uf20-0511,True,0.015621662139892578,True,1.8290815353393555
uf20-0512,True,0.01562190055847168,True,1.7027342319488525
uf20-0513,True,0.015621185302734375,True,0.07809090614318848
uf20-0514,True,0.015622138977050781,True,0.812345027923584
uf20-0515,True,0.015616655349731445,True,0.6561315059661865
uf20-0516,True,0.015621662139892578,True,0.14059209823608398
uf20-0517,True,0.015621423721313477,True,0.3593275547027588
uf20-0518,True,0.01562047004699707,True,0.2031116485595703
uf20-0519,True,0.015621185302734375,True,0.9685266017913818
uf20-052,True,0.01562356948852539,True,0.033675432205200195
uf20-0520,True,0.015621185302734375,True,0.6248583793640137
uf20-0521,True,0.015620946884155273,True,0.24997544288635254
uf20-0522,True,0.015620708465576172,True,0.2812230587005615
uf20-0523,True,0.015621423721313477,True,0.10931825637817383
uf20-0524,True,0.015621185302734375,True,0.42174863815307617
uf20-0525,True,0.015621185302734375,True,0.04686474800109863
uf20-0526,True,0.015621423721313477,True,1.593351125717163
uf20-0527,True,0.015621423721313477,True,1.437201738357544
uf20-0528,True,0.01562047004699707,True,1.1403312683105469
uf20-0529,True,0.015621185302734375,True,1.219425916671753
uf20-053,True,0.015622377395629883,True,0.8747987747192383
uf20-0530,True,0.015620708465576172,True,0.06248641014099121
uf20-0531,True,0.01562190055847168,True,0.07810592651367188
uf20-0532,True,0.015621185302734375,True,2.0776166915893555
uf20-0533,True,0.015621185302734375,True,1.0778772830963135
uf20-0534,True,0.015621423721313477,True,0.49988460540771484
uf20-0535,True,0.015621662139892578,True,0.7029650211334229
uf20-0536,True,0.015621662139892578,True,0.4529845714569092
uf20-0537,True,0.015621423721313477,True,0.9085574150085449
uf20-0538,True,0.015622615814208984,True,0.2811856269836426
uf20-0539,True,0.015621662139892578,True,1.2653663158416748
uf20-054,True,0.015619277954101562,True,1.8901896476745605
uf20-0540,True,0.015620946884155273,True,0.9372847080230713
uf20-0541,True,0.015621662139892578,True,0.6881203651428223
uf20-0542,True,0.015620231628417969,True,0.04686450958251953
uf20-0543,True,0.015622138977050781,True,0.8747997283935547
uf20-0544,True,0.015621662139892578,True,2.4092624187469482
uf20-0545,True,0.015621423721313477,True,0.14059710502624512
uf20-0546,True,0.015621423721313477,True,0.07810688018798828
uf20-0547,True,0.020656108856201172,True,0.134505033493042
uf20-0548,True,0.01562190055847168,True,0.21869707107543945
uf20-0549,True,0.01561117172241211,True,0.07814145088195801
uf20-055,True,0.015621423721313477,True,0.3749411106109619
uf20-0550,True,0.015621423721313477,True,0.5490102767944336
uf20-0551,True,0.015622138977050781,True,2.5923984050750732
uf20-0552,True,0.015619754791259766,True,0.49988484382629395
uf20-0553,True,0.01562190055847168,True,0.5467500686645508
uf20-0554,True,0.015621423721313477,True,0.26726794242858887
uf20-0555,True,0.015622138977050781,True,0.09372830390930176
uf20-0556,True,0.01562356948852539,True,1.390303611755371
uf20-0557,True,0.015621185302734375,True,0.453021764755249
uf20-0558,True,0.015621662139892578,True,0.9385101795196533
uf20-0559,True,0.015615224838256836,True,1.6101412773132324
uf20-056,True,0.015622138977050781,True,0.812281608581543
uf20-0560,True,0.015621185302734375,True,0.359325647354126
uf20-0561,True,0.015621662139892578,True,0.8435564041137695
uf20-0562,True,0.015620946884155273,True,1.0622563362121582
uf20-0563,True,0.015621423721313477,True,0.5936455726623535
uf20-0564,True,0.015620708465576172,True,0.765448808670044
uf20-0565,True,0.015621662139892578,True,0.2655315399169922
uf20-0566,True,0.015619039535522461,True,0.07810640335083008
uf20-0567,True,0.015622615814208984,True,1.249713659286499
uf20-0568,True,0.015621423721313477,True,1.890188455581665
uf20-0569,True,0.015621423721313477,True,0.7810721397399902
uf20-057,True,0.015666961669921875,True,0.1249704360961914
uf20-0570,True,0.015621185302734375,True,0.7342383861541748
uf20-0571,True,0.015621423721313477,True,1.359062671661377
uf20-0572,True,0.015621423721313477,True,1.2512423992156982
uf20-0573,True,0.015621662139892578,True,0.21873092651367188
uf20-0574,True,0.01562952995300293,True,0.9997375011444092
uf20-0575,True,0.015621423721313477,True,0.4529905319213867
uf20-0576,True,0.015621662139892578,True,0.6717216968536377
uf20-0577,True,0.015620231628417969,True,1.0628783702850342
uf20-0578,True,0.015621662139892578,True,0.04686379432678223
uf20-0579,True,0.01562190055847168,True,0.0624845027923584
uf20-058,True,0.015621423721313477,True,0.24994349479675293
uf20-0580,True,0.015622615814208984,True,0.4061574935913086
uf20-0581,True,0.015620708465576172,True,0.8887414932250977
uf20-0582,True,0.015622138977050781,True,0.4529883861541748
uf20-0583,True,0.01562190055847168,True,1.9839484691619873
uf20-0584,True,0.015621423721313477,True,0.17186737060546875
uf20-0585,True,0.015619754791259766,True,0.031244516372680664
uf20-0586,True,0.015621185302734375,True,2.0463643074035645
uf20-0587,True,0.01562190055847168,True,0.5155000686645508
uf20-0588,True,0.01562190055847168,True,0.23435401916503906
uf20-0589,True,0.015621185302734375,True,0.10934996604919434
uf20-059,True,0.015621185302734375,True,0.5155062675476074
uf20-0590,True,0.01563286781311035,True,0.546748161315918
uf20-0591,True,0.015621185302734375,True,0.17183494567871094
uf20-0592,True,0.015620946884155273,True,0.5155329704284668
uf20-0593,True,0.015621662139892578,True,0.15621709823608398
uf20-0594,True,0.015622377395629883,True,0.9997382164001465
uf20-0595,True,0.015620708465576172,True,0.39056849479675293
uf20-0596,True,0.015621423721313477,True,0.17183494567871094
uf20-0597,True,0.015621185302734375,True,1.1559503078460693
uf20-0598,True,0.015621423721313477,True,0.7966909408569336
uf20-0599,True,0.015654325485229492,True,0.9529030323028564
uf20-06,True,0.01562190055847168,True,0.3436698913574219
uf20-060,True,0.015620946884155273,True,0.12493777275085449
uf20-0600,True,0.015621423721313477,True,0.6092684268951416
uf20-0601,True,0.015621185302734375,True,1.6252214908599854
uf20-0602,True,0.01562190055847168,True,0.8130927085876465
uf20-0603,True,0.015618085861206055,True,0.812342643737793
uf20-0604,True,0.015620708465576172,True,0.03124856948852539
uf20-0605,True,0.015621423721313477,True,0.06247305870056152
uf20-0606,True,0.015621423721313477,True,0.9841470718383789
uf20-0607,True,0.015621423721313477,True,0.6248197555541992
uf20-0608,True,0.015620708465576172,True,0.20307493209838867
uf20-0609,True,0.015615463256835938,True,0.18745660781860352
uf20-061,True,0.015622138977050781,True,0.04686427116394043
uf20-0610,True,0.015620231628417969,True,0.23428797721862793
uf20-0611,True,0.015621423721313477,True,0.23428750038146973
uf20-0612,True,0.01562190055847168,True,0.7958266735076904
uf20-0613,True,0.015621185302734375,True,1.109081745147705
uf20-0614,True,0.015621185302734375,True,0.20334243774414062
uf20-0615,True,0.015621423721313477,True,0.37554144859313965
uf20-0616,True,0.015616178512573242,True,0.7967238426208496
uf20-0617,True,0.015616893768310547,True,0.821366548538208
uf20-0618,True,0.01565384864807129,True,1.1247408390045166
uf20-0619,True,0.015632152557373047,True,0.14062190055847168
uf20-062,True,0.015611886978149414,True,0.14059233665466309
uf20-0620,True,0.015623807907104492,True,0.6873407363891602
uf20-0621,True,0.015625,True,1.1247386932373047
uf20-0622,True,0.01562190055847168,True,0.6248509883880615
uf20-0623,True,0.01562190055847168,True,0.6873390674591064
uf20-0624,True,0.015619993209838867,True,0.15621328353881836
uf20-0625,True,0.015621185302734375,True,0.8904192447662354
uf20-0626,True,0.015620231628417969,True,1.0466010570526123
uf20-0627,True,0.01562047004699707,True,0.4527096748352051
uf20-0628,True,0.0162198543548584,True,0.4079124927520752
uf20-0629,True,0.015620708465576172,True,0.070465087890625
uf20-063,True,0.015622377395629883,True,0.06483912467956543
uf20-0630,True,0.01692676544189453,True,1.5082128047943115
uf20-0631,True,0.018947362899780273,True,0.4468069076538086
uf20-0632,True,0.015789508819580078,True,0.5464246273040771
uf20-0633,True,0.015918254852294922,True,0.5717637538909912
uf20-0634,True,0.016084671020507812,True,0.2842404842376709
uf20-0635,True,0.015615701675415039,True,0.20311355590820312
uf20-0636,True,0.01562190055847168,True,0.23430967330932617
uf20-0637,True,0.01562190055847168,True,1.718336820602417
uf20-0638,True,0.015654802322387695,True,1.005967140197754
uf20-0639,True,0.015621423721313477,True,0.3436703681945801
uf20-064,True,0.015621423721313477,True,0.29680824279785156
uf20-0640,True,0.0156252384185791,True,0.3749415874481201
uf20-0641,True,0.01562047004699707,True,0.31237220764160156
uf20-0642,True,0.015620946884155273,True,1.0725092887878418
uf20-0643,True,0.015619516372680664,True,0.24991369247436523
uf20-0644,True,0.01562356948852539,True,0.09745907783508301
uf20-0645,True,0.01562356948852539,True,0.28254103660583496
uf20-0646,True,0.015622615814208984,True,0.3124253749847412
uf20-0647,True,0.015623331069946289,True,0.2505016326904297
uf20-0648,True,0.015620946884155273,True,0.07810401916503906
uf20-0649,True,0.015621662139892578,True,0.5935795307159424
uf20-065,True,0.015621662139892578,True,0.6404769420623779
uf20-0650,True,0.01562190055847168,True,0.25164318084716797
uf20-0651,True,0.01562190055847168,True,1.4840304851531982
uf20-0652,True,0.015621185302734375,True,0.4086010456085205
uf20-0653,True,0.015614032745361328,True,0.34366893768310547
uf20-0654,True,0.015620946884155273,True,1.5046885013580322
uf20-0655,True,0.01562356948852539,True,0.24994158744812012
uf20-0656,True,0.015620231628417969,True,0.2207508087158203
uf20-0657,True,0.015621662139892578,True,0.165802001953125
uf20-0658,True,0.0156252384185791,True,0.1405930519104004
uf20-0659,True,0.015623092651367188,True,0.37491440773010254
uf20-066,True,0.01562190055847168,True,0.28118348121643066
uf20-0660,True,0.015620946884155273,True,0.1604764461517334
uf20-0661,True,0.015620708465576172,True,0.815171480178833
uf20-0662,True,0.015621423721313477,True,0.0624845027923584
uf20-0663,True,0.015622615814208984,True,0.3124265670776367
uf20-0664,True,0.015599966049194336,True,0.07810854911804199
uf20-0665,True,0.015621185302734375,True,0.5948984622955322
uf20-0666,True,0.01562643051147461,True,0.062487125396728516
uf20-0667,True,0.015630722045898438,True,0.28115367889404297
uf20-0668,True,0.015654325485229492,True,0.43743062019348145
uf20-0669,True,0.01562190055847168,True,0.6717514991760254
uf20-067,True,0.015630006790161133,True,0.23432135581970215
uf20-0670,True,0.015619754791259766,True,0.7059664726257324
uf20-0671,True,0.015621423721313477,True,1.2791285514831543
uf20-0672,True,0.015654563903808594,True,0.4373965263366699
uf20-0673,True,0.015621185302734375,True,0.7932133674621582
uf20-0674,True,0.01563549041748047,True,1.2299818992614746
uf20-0675,True,0.015636444091796875,True,0.16083312034606934
uf20-0676,True,0.01562190055847168,True,3.6672024726867676
uf20-0677,True,0.015622138977050781,True,0.3865642547607422
uf20-0678,True,0.01562190055847168,True,0.8281664848327637
uf20-0679,True,0.016669273376464844,True,0.07129549980163574
uf20-068,True,0.01562190055847168,True,0.709374189376831
uf20-0680,True,0.015624523162841797,True,0.8144946098327637
uf20-0681,True,0.015621185302734375,True,0.07810473442077637
uf20-0682,True,0.015620946884155273,True,0.945976972579956
uf20-0683,True,0.01589345932006836,True,0.7810573577880859
uf20-0684,True,0.015622377395629883,True,0.7095494270324707
uf20-0685,True,0.01562190055847168,True,1.4328091144561768
uf20-0686,True,0.01695537567138672,True,0.5823347568511963
uf20-0687,True,0.015850305557250977,True,1.4235560894012451
uf20-0688,True,0.016226530075073242,True,0.5412497520446777
uf20-0689,True,0.01562356948852539,True,0.18050384521484375
uf20-069,True,0.015957355499267578,True,0.2420966625213623
uf20-0690,True,0.015589237213134766,True,0.07193517684936523
uf20-0691,True,0.015622138977050781,True,0.17186713218688965
uf20-0692,True,0.015624046325683594,True,0.5261092185974121
uf20-0693,True,0.015608072280883789,True,1.493739366531372
uf20-0694,True,0.015622854232788086,True,0.4735581874847412
uf20-0695,True,0.015620708465576172,True,0.04686713218688965
uf20-0696,True,0.015619993209838867,True,0.06251883506774902
uf20-0697,True,0.01562190055847168,True,0.09373068809509277
uf20-0698,True,0.015622138977050781,True,0.8435842990875244
uf20-0699,True,0.015620231628417969,True,0.6985535621643066
uf20-07,True,0.01562190055847168,True,1.180877923965454
uf20-070,True,0.016211748123168945,True,0.19960331916809082
uf20-0700,True,0.015622138977050781,True,0.33826303482055664
uf20-0701,True,0.01562190055847168,True,0.10934925079345703
uf20-0702,True,0.023560047149658203,True,0.034641265869140625
uf20-0703,True,0.015621185302734375,True,1.53240966796875
uf20-0704,True,0.015620946884155273,True,0.12497162818908691
uf20-0705,True,0.015622377395629883,True,0.9372494220733643
uf20-0706,True,0.015621423721313477,True,0.807002067565918
uf20-0707,True,0.01562190055847168,True,1.0580062866210938
uf20-0708,True,0.015621185302734375,True,0.34802985191345215
uf20-0709,True,0.015620231628417969,True,0.18748903274536133
uf20-071,True,0.015618085861206055,True,0.4686391353607178
uf20-0710,True,0.015621423721313477,True,1.1403920650482178
uf20-0711,True,0.015621662139892578,True,0.9146566390991211
uf20-0712,True,0.015621423721313477,True,0.6716852188110352
uf20-0713,True,0.015621185302734375,True,0.42180824279785156
uf20-0714,True,0.015621662139892578,True,0.1405928134918213
uf20-0715,True,0.015621185302734375,True,0.5293014049530029
uf20-0716,True,0.015621185302734375,True,1.135106086730957
uf20-0717,True,0.015621423721313477,True,0.10934972763061523
uf20-0718,True,0.015621185302734375,True,1.0791816711425781
uf20-0719,True,0.015621423721313477,True,1.0622565746307373
uf20-072,True,0.015621185302734375,True,0.9685249328613281
uf20-0720,True,0.015620946884155273,True,0.5779926776885986
uf20-0721,True,0.015625953674316406,True,0.6560664176940918
uf20-0722,True,0.015623331069946289,True,0.14780783653259277
uf20-0723,True,0.015622138977050781,True,0.7654492855072021
uf20-0724,True,0.015621662139892578,True,0.04686570167541504
uf20-0725,True,0.016634464263916016,True,0.4217815399169922
uf20-0726,True,0.015623092651367188,True,0.07810688018798828
uf20-0727,True,0.015622615814208984,True,0.08126473426818848
uf20-0728,True,0.015622615814208984,True,0.1874549388885498
uf20-0729,True,0.015621185302734375,True,0.8102078437805176
uf20-073,True,0.015620708465576172,True,0.6716868877410889
uf20-0730,True,0.015624761581420898,True,0.031246185302734375
uf20-0731,True,0.015621423721313477,True,1.5209803581237793
uf20-0732,True,0.015621423721313477,True,0.18745803833007812
uf20-0733,True,0.015620231628417969,True,0.12497091293334961
uf20-0734,True,0.015621423721313477,True,0.2655649185180664
uf20-0735,True,0.015620946884155273,True,0.28118228912353516
uf20-0736,True,0.015621185302734375,True,0.9373140335083008
uf20-0737,True,0.015627622604370117,True,0.18745803833007812
uf20-0738,True,0.015621423721313477,True,0.20307564735412598
uf20-0739,True,0.015621185302734375,True,0.48425889015197754
uf20-074,True,0.015621662139892578,True,0.39049816131591797
uf20-0740,True,0.015621185302734375,True,0.312422513961792
uf20-0741,True,0.015621423721313477,True,0.15621519088745117
uf20-0742,True,0.015621423721313477,True,0.10935044288635254
uf20-0743,True,0.015623807907104492,True,0.6873366832733154
uf20-0744,True,0.015621423721313477,True,0.9060380458831787
uf20-0745,True,0.015621185302734375,True,0.5802860260009766
uf20-0746,True,0.01562190055847168,True,0.031245708465576172
uf20-0747,True,0.01562190055847168,True,1.2653305530548096
uf20-0748,True,0.01562190055847168,True,0.5480003356933594
uf20-0749,True,0.015621423721313477,True,0.4686415195465088
uf20-075,True,0.015633821487426758,True,0.15621042251586914
uf20-0750,True,0.015622138977050781,True,0.17183661460876465
uf20-0751,True,0.015621185302734375,True,0.9184589385986328
uf20-0752,True,0.015619277954101562,True,0.6363315582275391
uf20-0753,True,0.015614986419677734,True,0.3436706066131592
uf20-0754,True,0.015624046325683594,True,0.06248331069946289
uf20-0755,True,0.015628576278686523,True,0.32077693939208984
uf20-0756,True,0.015620946884155273,True,0.37473440170288086
uf20-0757,True,0.01562190055847168,True,0.566490650177002
uf20-0758,True,0.015622377395629883,True,0.09375905990600586
uf20-0759,True,0.015620946884155273,True,0.19994497299194336
uf20-076,True,0.015621423721313477,True,1.1986110210418701
uf20-0760,True,0.016665935516357422,True,0.12497091293334961
uf20-0761,True,0.015622138977050781,True,0.403273344039917
uf20-0762,True,0.015636920928955078,True,1.1910462379455566
uf20-0763,True,0.015621423721313477,True,0.49987220764160156
uf20-0764,True,0.015620946884155273,True,0.3280150890350342
uf20-0765,True,0.015621423721313477,True,1.6315410137176514
uf20-0766,True,0.015621423721313477,True,0.20307707786560059
uf20-0767,True,0.01562190055847168,True,0.04686474800109863
uf20-0768,True,0.015621423721313477,True,0.8154201507568359
uf20-0769,True,0.015653610229492188,True,0.9216601848602295
uf20-077,True,0.015620946884155273,True,0.8473527431488037
uf20-0770,True,0.015621662139892578,True,0.9533741474151611
uf20-0771,True,0.015621423721313477,True,0.21866726875305176
uf20-0772,True,0.015620946884155273,True,0.4061555862426758
uf20-0773,True,0.015587806701660156,True,0.15621304512023926
uf20-0774,True,0.015621185302734375,True,0.355072021484375
uf20-0775,True,0.015622138977050781,True,1.046755313873291
uf20-0776,True,0.015622377395629883,True,0.10934996604919434
uf20-0777,True,0.015622377395629883,True,0.6248540878295898
uf20-0778,True,0.01562190055847168,True,0.18745660781860352
uf20-0779,True,0.01563239097595215,True,0.09369444847106934
uf20-078,True,0.015621423721313477,True,0.2655305862426758
uf20-0780,True,0.015621423721313477,True,0.7497942447662354
uf20-0781,True,0.015621423721313477,True,1.0779054164886475
uf20-0782,True,0.01777815818786621,True,0.4224984645843506
uf20-0783,True,0.015621662139892578,True,3.4523167610168457
uf20-0784,True,0.015621423721313477,True,0.35929298400878906
uf20-0785,True,0.015621185302734375,True,0.7342061996459961
uf20-0786,True,0.015621185302734375,True,0.6873087882995605
uf20-0787,True,0.015620231628417969,True,0.1509232521057129
uf20-0788,True,0.01562047004699707,True,0.6561331748962402
uf20-0789,True,0.015621423721313477,True,0.1313648223876953
uf20-079,True,0.015619993209838867,True,0.593726396560669
uf20-0790,True,0.015622138977050781,True,0.18994522094726562
uf20-0791,True,0.015619277954101562,True,0.5746297836303711
uf20-0792,True,0.015621185302734375,True,0.12757277488708496
uf20-0793,True,0.01562356948852539,True,0.9642510414123535
uf20-0794,True,0.015628337860107422,True,0.247161865234375
uf20-0795,True,0.015620946884155273,True,1.3536772727966309
uf20-0796,True,0.015621185302734375,True,2.0763297080993652
uf20-0797,True,0.015621423721313477,True,0.08554720878601074
uf20-0798,True,0.015651702880859375,True,0.13766860961914062
uf20-0799,True,0.015621423721313477,True,0.09489727020263672
uf20-08,True,0.015621423721313477,True,0.8589675426483154
uf20-080,True,0.015660762786865234,True,0.1592240333557129
uf20-0800,True,0.01562643051147461,True,0.1313779354095459
uf20-0801,True,0.015623807907104492,True,0.06252193450927734
uf20-0802,True,0.015611410140991211,True,0.9642353057861328
uf20-0803,True,0.01562190055847168,True,0.21454763412475586
uf20-0804,True,0.01599407196044922,True,0.08417749404907227
uf20-0805,True,0.015680551528930664,True,1.5510268211364746
uf20-0806,True,0.015958547592163086,True,1.6848735809326172
uf20-0807,True,0.015665054321289062,True,0.8540933132171631
uf20-0808,True,0.016021728515625,True,2.0814497470855713
uf20-0809,True,0.015625953674316406,True,0.6038589477539062
uf20-081,True,0.015619993209838867,True,0.375882625579834
uf20-0810,True,0.0167083740234375,True,0.36188364028930664
uf20-0811,True,0.015621662139892578,True,0.031243085861206055
uf20-0812,True,0.015620708465576172,True,0.16763877868652344
uf20-0813,True,0.01562190055847168,True,0.046864986419677734
uf20-0814,True,0.015624523162841797,True,0.203078031539917
uf20-0815,True,0.01663494110107422,True,1.419337272644043
uf20-0816,True,0.01562976837158203,True,0.20304131507873535
uf20-0817,True,0.015621662139892578,True,0.4918642044067383
uf20-0818,True,0.015621185302734375,True,0.3259410858154297
uf20-0819,True,0.015620708465576172,True,0.0625150203704834
uf20-082,True,0.01563429832458496,True,0.031244516372680664
uf20-0820,True,0.015620946884155273,True,0.10934782028198242
uf20-0821,True,0.015621423721313477,True,1.1007258892059326
uf20-0822,True,0.016167402267456055,True,0.12497115135192871
uf20-0823,True,0.01617741584777832,True,0.8815486431121826
uf20-0824,True,0.016176939010620117,True,0.3320784568786621
uf20-0825,True,0.015620946884155273,True,0.6384000778198242
uf20-0826,True,0.015621662139892578,True,0.04686403274536133
uf20-0827,True,0.015620946884155273,True,0.4530470371246338
uf20-0828,True,0.015621185302734375,True,0.7383284568786621
uf20-0829,True,0.015621423721313477,True,0.7353808879852295
uf20-083,True,0.015621423721313477,True,0.062468528747558594
uf20-0830,True,0.015622138977050781,True,0.5716745853424072
uf20-0831,True,0.015619516372680664,True,0.5892972946166992
uf20-0832,True,0.015621185302734375,True,0.1406245231628418
uf20-0833,True,0.015621185302734375,True,0.1406230926513672
uf20-0834,True,0.015620946884155273,True,1.1393108367919922
uf20-0835,True,0.015621662139892578,True,0.3592498302459717
uf20-0836,True,0.016633033752441406,True,1.2087783813476562
uf20-0837,True,0.015620946884155273,True,0.9093968868255615
uf20-0838,True,0.015612125396728516,True,0.4716525077819824
uf20-0839,True,0.015622854232788086,True,0.7439899444580078
uf20-084,True,0.015632152557373047,True,0.753366231918335
uf20-0840,True,0.015623092651367188,True,0.7186169624328613
uf20-0841,True,0.015621185302734375,True,0.10849285125732422
uf20-0842,True,0.01613759994506836,True,0.7191240787506104
uf20-0843,True,0.015621423721313477,True,0.37494492530822754
uf20-0844,True,0.015621185302734375,True,0.11260485649108887
uf20-0845,True,0.015589237213134766,True,0.437960147857666
uf20-0846,True,0.017847061157226562,True,0.031275033950805664
uf20-0847,True,0.015621185302734375,True,0.07810664176940918
uf20-0848,True,0.015621423721313477,True,0.2925891876220703
uf20-0849,True,0.015625476837158203,True,0.3457310199737549
uf20-085,True,0.015620946884155273,True,0.5644760131835938
uf20-0850,True,0.015627384185791016,True,0.21869826316833496
uf20-0851,True,0.01563739776611328,True,0.6742916107177734
uf20-0852,True,0.015621423721313477,True,0.07810473442077637
uf20-0853,True,0.015623331069946289,True,0.03124380111694336
uf20-0854,True,0.01562190055847168,True,0.4952733516693115
uf20-0855,True,0.01562047004699707,True,0.9997303485870361
uf20-0856,True,0.015621185302734375,True,0.9448909759521484
uf20-0857,True,0.015620708465576172,True,1.1743130683898926
uf20-0858,True,0.018950223922729492,True,0.5034928321838379
uf20-0859,True,0.015625715255737305,True,0.22417640686035156
uf20-086,True,0.015620946884155273,True,0.4739413261413574
uf20-0860,True,0.01749897003173828,True,0.687302827835083
uf20-0861,True,0.016872882843017578,True,1.0327997207641602
uf20-0862,True,0.015620708465576172,True,0.2895791530609131
uf20-0863,True,0.015621185302734375,True,0.8052904605865479
uf20-0864,True,0.015621662139892578,True,0.5627777576446533
uf20-0865,True,0.015620946884155273,True,0.12497162818908691
uf20-0866,True,0.01562356948852539,True,1.1945152282714844
uf20-0867,True,0.015622615814208984,True,0.45310449600219727
uf20-0868,True,0.01562190055847168,True,0.03127789497375488
uf20-0869,True,0.015621662139892578,True,0.6602044105529785
uf20-087,True,0.015621423721313477,True,0.15624308586120605
uf20-0870,True,0.015653610229492188,True,0.4686403274536133
uf20-0871,True,0.01565241813659668,True,0.42180728912353516
uf20-0872,True,0.015621185302734375,True,0.48105931282043457
uf20-0873,True,0.015620708465576172,True,0.09376096725463867
uf20-0874,True,0.015621423721313477,True,0.1249380111694336
uf20-0875,True,0.01565265655517578,True,1.0202348232269287
uf20-0876,True,0.015620946884155273,True,0.5791752338409424
uf20-0877,True,0.015635967254638672,True,0.27594900131225586
uf20-0878,True,0.015622138977050781,True,0.21862339973449707
uf20-0879,True,0.016674518585205078,True,0.458057165145874
uf20-088,True,0.01562190055847168,True,0.7599449157714844
uf20-0880,True,0.015624284744262695,True,1.586024522781372
uf20-0881,True,0.0166778564453125,True,0.10934925079345703
uf20-0882,True,0.0156252384185791,True,1.2286982536315918
uf20-0883,True,0.015620946884155273,True,0.888331413269043
uf20-0884,True,0.015622138977050781,True,1.2839746475219727
uf20-0885,True,0.015621423721313477,True,0.6112799644470215
uf20-0886,True,0.015621185302734375,True,0.8706214427947998
uf20-0887,True,0.015621423721313477,True,0.9757366180419922
uf20-0888,True,0.01565265655517578,True,0.9150083065032959
uf20-0889,True,0.01561880111694336,True,0.2875039577484131
uf20-089,True,0.015620231628417969,True,0.5132853984832764
uf20-0890,True,0.015620946884155273,True,0.11478090286254883
uf20-0891,True,0.017303943634033203,True,1.8567283153533936
uf20-0892,True,0.015622138977050781,True,0.984144926071167
uf20-0893,True,0.0161283016204834,True,0.5192036628723145
uf20-0894,True,0.015621423721313477,True,0.08495879173278809
uf20-0895,True,0.015621185302734375,True,0.7342023849487305
uf20-0896,True,0.015952587127685547,True,0.6716883182525635
uf20-0897,True,0.015621423721313477,True,0.031243085861206055
uf20-0898,True,0.015620231628417969,True,1.75679349899292
uf20-0899,True,0.015620708465576172,True,0.18732714653015137
uf20-09,True,0.01565384864807129,True,2.0378634929656982
uf20-090,True,0.015621423721313477,True,0.267458438873291
uf20-0900,True,0.016632080078125,True,0.3280503749847412
uf20-0901,True,0.015621185302734375,True,0.20086359977722168
uf20-0902,True,0.015620946884155273,True,1.0150463581085205
uf20-0903,True,0.01562190055847168,True,1.4244534969329834
uf20-0904,True,0.01562190055847168,True,0.6240768432617188
uf20-0905,True,0.015621423721313477,True,0.8079593181610107
uf20-0906,True,0.015622615814208984,True,0.28118896484375
uf20-0907,True,0.01562666893005371,True,0.54671311378479
uf20-0908,True,0.015620946884155273,True,2.7907960414886475
uf20-0909,True,0.015621423721313477,True,0.5832467079162598
uf20-091,True,0.015620231628417969,True,2.1927385330200195
uf20-0910,True,0.015622377395629883,True,0.04686450958251953
uf20-0911,True,0.015958070755004883,True,0.29683732986450195
uf20-0912,True,0.015622854232788086,True,0.2031102180480957
uf20-0913,True,0.015621185302734375,True,0.07810711860656738
uf20-0914,True,0.015621185302734375,True,0.3124258518218994
uf20-0915,True,0.015482664108276367,True,0.6421289443969727
uf20-0916,True,0.01679086685180664,True,0.3477444648742676
uf20-0917,True,0.015620708465576172,True,0.18745660781860352
uf20-0918,True,0.015620708465576172,True,0.2464618682861328
uf20-0919,True,0.015621423721313477,True,0.7252237796783447
uf20-092,True,0.015620708465576172,True,0.7029609680175781
uf20-0920,True,0.015632152557373047,True,0.14059185981750488
uf20-0921,True,0.015624046325683594,True,0.43325209617614746
uf20-0922,True,0.015621662139892578,True,0.12163853645324707
uf20-0923,True,0.01672077178955078,True,0.07784557342529297
uf20-0924,True,0.016033172607421875,True,1.3091304302215576
uf20-0925,True,0.015620946884155273,True,0.6498444080352783
uf20-0926,True,0.015624523162841797,True,0.9646306037902832
uf20-0927,True,0.015621185302734375,True,0.9682519435882568
uf20-0928,True,0.015622854232788086,True,0.988924503326416
uf20-0929,True,0.015621423721313477,True,1.671262502670288
uf20-093,True,0.015621185302734375,True,0.941246747970581
uf20-0930,True,0.015621423721313477,True,0.9475548267364502
uf20-0931,True,0.01563096046447754,True,0.515496015548706
uf20-0932,True,0.015621662139892578,True,0.062486886978149414
uf20-0933,True,0.015621662139892578,True,0.7967178821563721
uf20-0934,True,0.015621662139892578,True,0.5948319435119629
uf20-0935,True,0.01562190055847168,True,0.7498621940612793
uf20-0936,True,0.015620946884155273,True,1.2054228782653809
uf20-0937,True,0.01563429832458496,True,2.9390769004821777
uf20-0938,True,0.015621185302734375,True,0.9319732189178467
uf20-0939,True,0.01561880111694336,True,0.86940598487854
uf20-094,True,0.015621185302734375,True,0.28840088844299316
uf20-0940,True,0.015619993209838867,True,0.7884464263916016
uf20-0941,True,0.0156402587890625,True,0.6614327430725098
uf20-0942,True,0.015621423721313477,True,0.03124260902404785
uf20-0943,True,0.015624761581420898,True,0.29680681228637695
uf20-0944,True,0.015653133392333984,True,0.7672221660614014
uf20-0945,True,0.016666889190673828,True,1.0183632373809814
uf20-0946,True,0.015621423721313477,True,0.6563642024993896
uf20-0947,True,0.015625476837158203,True,0.16869091987609863
uf20-0948,True,0.015576601028442383,True,0.776947021484375
uf20-0949,True,0.015620946884155273,True,0.4767270088195801
uf20-095,True,0.016629695892333984,True,1.0984508991241455
uf20-0950,True,0.015662670135498047,True,0.5996124744415283
uf20-0951,True,0.015657424926757812,True,0.18090128898620605
uf20-0952,True,0.015621423721313477,True,0.09376358985900879
uf20-0953,True,0.015621662139892578,True,0.6301708221435547
uf20-0954,True,0.015622138977050781,True,0.3946418762207031
uf20-0955,True,0.015624523162841797,True,0.06252002716064453
uf20-0956,True,0.015625,True,0.7496953010559082
uf20-0957,True,0.015621185302734375,True,0.3124256134033203
uf20-0958,True,0.015607357025146484,True,0.6424915790557861
uf20-0959,True,0.01562643051147461,True,0.12497091293334961
uf20-096,True,0.016629934310913086,True,0.60923171043396
uf20-0960,True,0.015624761581420898,True,0.2686636447906494
uf20-0961,True,0.0156252384185791,True,0.28118443489074707
uf20-0962,True,0.015621423721313477,True,0.1405928134918213
uf20-0963,True,0.015620708465576172,True,0.35719943046569824
uf20-0964,True,0.015620946884155273,True,0.5342481136322021
uf20-0965,True,0.015609264373779297,True,0.12062859535217285
uf20-0966,True,0.015621185302734375,True,1.4276912212371826
uf20-0967,True,0.015621662139892578,True,0.7714204788208008
uf20-0968,True,0.01564812660217285,True,0.09372758865356445
uf20-0969,True,0.01566028594970703,True,0.48429298400878906
uf20-097,True,0.015619993209838867,True,0.15727472305297852
uf20-0970,True,0.015621185302734375,True,0.34337425231933594
uf20-0971,True,0.015624284744262695,True,0.504824161529541
uf20-0972,True,0.015621185302734375,True,0.4530205726623535
uf20-0973,True,0.015623092651367188,True,0.6887884140014648
uf20-0974,True,0.015618324279785156,True,0.4655344486236572
uf20-0975,True,0.015655040740966797,True,0.4898519515991211
uf20-0976,True,0.015622377395629883,True,1.947875738143921
uf20-0977,True,0.01663064956665039,True,0.15618371963500977
uf20-0978,True,0.015623092651367188,True,0.6286351680755615
uf20-0979,True,0.01562047004699707,True,0.3382134437561035
uf20-098,True,0.015621185302734375,True,0.20301175117492676
uf20-0980,True,0.016666889190673828,True,0.29680466651916504
uf20-0981,True,0.015621185302734375,True,1.0603077411651611
uf20-0982,True,0.015590429306030273,True,0.44672274589538574
uf20-0983,True,0.015621185302734375,True,0.4998652935028076
uf20-0984,True,0.01668548583984375,True,0.8329768180847168
uf20-0985,True,0.01562190055847168,True,0.5654726028442383
uf20-0986,True,0.0156552791595459,True,0.14577317237854004
uf20-0987,True,0.01562190055847168,True,2.1170942783355713
uf20-0988,True,0.015655994415283203,True,0.1072537899017334
uf20-0989,True,0.016666173934936523,True,0.5935766696929932
uf20-099,True,0.015654325485229492,True,0.49468326568603516
uf20-0990,True,0.015621185302734375,True,0.19269347190856934
uf20-0991,True,0.015616893768310547,True,0.4311177730560303
uf20-0992,True,0.015621662139892578,True,1.3056766986846924
uf20-0993,True,0.015621423721313477,True,0.0624852180480957
uf20-0994,True,0.015621662139892578,True,0.8202710151672363
uf20-0995,True,0.015621662139892578,True,0.49083590507507324
uf20-0996,True,0.015621423721313477,True,0.6717510223388672
uf20-0997,True,0.015621662139892578,True,0.41881489753723145
uf20-0998,True,0.015621423721313477,True,1.391646146774292
uf20-0999,True,0.015649795532226562,True,0.04683065414428711
